{
  "n_examples": 3,
  "accuracy": 1.0,
  "confusion_matrix": {
    "tp": 1,
    "fn": 0,
    "fp": 0,
    "tn": 2
  },
  "mae": {
    "relevance": 0.3333333333333333,
    "clarity": 0.3333333333333333,
    "correctness": 1.3333333333333333,
    "tone": 0.0
  },
  "calibration": {
    "high (0.8-1.0)": 1.0,
    "mid  (0.5-0.8)": 1.0,
    "low  (<0.5)": null
  }
}